{
  "coverImageFilename": "Cover.png",
  "icon": "Cover.png",
  "components": [
    {
      "Type": "AssetsMod",
      "InstallAction": {
        "PreloadFiles": [
          "sharedassets19.assets"
        ],
        "Actions": [
          {
            "Type": "ReplaceAsset",
            "FromDataFile": "BadCutNote.dat",
            "Locator": {
              "TypeIs": "Texture2D",
              "NameIs": "BadCutNote"
            },
            "AllowOverwriteName": false,
            "StepNumber": 1
          },
		  {
            "Type": "ReplaceAsset",
            "FromDataFile": "MissedNote.dat",
            "Locator": {
              "TypeIs": "Texture2D",
              "NameIs": "MissedNote"
            },
            "AllowOverwriteName": false,
            "StepNumber": 2
          }
        ]
      },
      "UninstallAction": {
        "PreloadFiles": [
          "sharedassets19.assets"
        ],
        "Actions": [
          {
            "Type": "RestoreAsset",
            "Locator": {
              "TypeIs": "Texture2D",
              "NameIs": "BadCutNote"
            },
            "StepNumber": 1
          },
		  {
            "Type": "RestoreAsset",
            "Locator": {
              "TypeIs": "Texture2D",
              "NameIs": "MissedNote"
            },
            "StepNumber": 2
          }
        ]
      }
    }
  ],
  "version": "1.0.0",
  "links": {},
  "description": [
    "BOI YOU BETTER NOT BE MISSIN THESE NOTES!"
  ],
  "gameVersion": "1.6.0",
  "platform": "Quest",
  "id": "HA!andR.I.P",      
  "name": "HA! and R.I.P text",
  "author": "KingGG#3662",
  "category": "Other"
}