{
  "coverImageFilename": "Cover.png",
  "icon": "Cover.png",
  "components": [
    {
      "Type": "AssetsMod",
      "InstallAction": {
        "PreloadFiles": [
          "{{Trail}}"
        ],
        "Actions": [
          {
            "Type": "ReplaceAsset",
            "FromDataFile": "FullTrail.dat",
            "Locator": {
              "TypeIs": "Texture2D",
              "NameIs": "FullTrail"
            },
            "AllowOverwriteName": false,
            "StepNumber": 1
          }
        ]
      },
      "UninstallAction": {
        "PreloadFiles": [
          "{{Trail}}"
        ],
        "Actions": [
          {
            "Type": "RestoreAsset",
            "Locator": {
              "TypeIs": "Texture2D",
              "NameIs": "FullTrail"
            },
            "StepNumber": 1
          }
        ]
      }
    }
  ],
  "version": "1.0.0",
  "links": {},
  "description": [
    "Have you wanted your waifu to follow you in Beat Saber? No? You think I'm a pedo? ..."
  ],
  "gameVersion": "1.6.0",
  "platform": "Quest",
  "id": "KannaTrail",
  "name": "Kanna Kamui Trail",
  "author": "KingGG#3662",
  "category": "Other"
}